{
  "3 - Comprar Passagem" : {
    "transaction" : "3 - Comprar Passagem",
    "sampleCount" : 4782,
    "errorCount" : 0,
    "errorPct" : 0.0,
    "meanResTime" : 932.2266833960683,
    "medianResTime" : 404.0,
    "minResTime" : 227.0,
    "maxResTime" : 5486.0,
    "pct1ResTime" : 3187.3999999999996,
    "pct2ResTime" : 3744.0,
    "pct3ResTime" : 4394.360000000001,
    "throughput" : 77.84977045550744,
    "receivedKBytesPerSec" : 510.8134114116986,
    "sentKBytesPerSec" : 31.93056991339172
  },
  "2 - Escolher Voo" : {
    "transaction" : "2 - Escolher Voo",
    "sampleCount" : 4861,
    "errorCount" : 0,
    "errorPct" : 0.0,
    "meanResTime" : 964.4239868339843,
    "medianResTime" : 420.0,
    "minResTime" : 232.0,
    "maxResTime" : 5334.0,
    "pct1ResTime" : 3225.8,
    "pct2ResTime" : 3755.8999999999996,
    "pct3ResTime" : 4454.76,
    "throughput" : 78.52100731742776,
    "receivedKBytesPerSec" : 565.9804127814706,
    "sentKBytesPerSec" : 19.170167802106388
  },
  "1 - Acessar Home" : {
    "transaction" : "1 - Acessar Home",
    "sampleCount" : 4958,
    "errorCount" : 0,
    "errorPct" : 0.0,
    "meanResTime" : 979.6349334409061,
    "medianResTime" : 435.0,
    "minResTime" : 224.0,
    "maxResTime" : 21564.0,
    "pct1ResTime" : 3234.1000000000004,
    "pct2ResTime" : 3793.05,
    "pct3ResTime" : 4454.23,
    "throughput" : 78.72340425531915,
    "receivedKBytesPerSec" : 365.710623660289,
    "sentKBytesPerSec" : 9.225398936170214
  },
  "Total" : {
    "transaction" : "Total",
    "sampleCount" : 14601,
    "errorCount" : 0,
    "errorPct" : 0.0,
    "meanResTime" : 959.0441065680408,
    "medianResTime" : 419.0,
    "minResTime" : 224.0,
    "maxResTime" : 21564.0,
    "pct1ResTime" : 3219.800000000001,
    "pct2ResTime" : 3764.0,
    "pct3ResTime" : 4443.0,
    "throughput" : 231.5377174481851,
    "receivedKBytesPerSec" : 1418.4334073605319,
    "sentKBytesPerSec" : 59.1356050589905
  }
}